id,feature_0,feature_1,labels
0,2.185031981494182,2.022556586222547,0
1,0.8660798235968132,3.8973380120465637,0
2,2.5454620881623815,1.34999881324057,1
3,0.846335809214146,2.862081958251625,0
4,2.603854941661964,4.222687465232015,0
5,2.8242960417316665,3.8819585049784076,0
6,1.0099771217136,3.8018226011680696,0
7,-0.5786921534160447,1.8362151396901227,1
8,1.6699012363434065,4.265475618022948,0
9,3.132053849560738,0.3563628580432969,1
10,0.403613851692331,3.904001492982836,0
11,2.393083821719504,0.506493120482881,1
12,1.1132714558716432,1.233511042422203,1
13,-0.46243445391823723,2.645631556892408,0
14,1.7534157626243136,1.0569469624390968,1
15,1.9855213115022807,3.219010260821284,0
16,0.7661059076143076,3.081684111070383,0
17,3.0011363576904193,3.0738827512869187,0
18,0.9670287634640808,-0.4669997653694071,1
19,3.574170205693186,-0.5806717272024737,1
20,1.9760964489366852,0.5669057598597989,1
21,2.2040229355899124,0.5490423343565876,1
22,1.3733579997993675,0.1645651315724896,1
23,1.5616331865623998,2.6909021125588053,0
24,0.7319321435864822,2.6693919556054007,0
25,1.9284671653940229,1.7928666201488594,1
26,3.5493199759925065,3.549823091059291,0
27,-0.08096567792678,2.576205620120723,0
28,1.5085216823967034,2.168616734987228,1
29,0.8034246449274104,1.0656117735630333,1
30,-1.7775323016513234,4.418436992160899,0
31,0.10327479516248173,-0.18249981215738653,1
32,1.516324352853192,1.7767487510062805,0
33,-0.13466736723554673,5.501504317385789,0
34,1.0951937720867244,0.6860425244431108,1
35,0.8348212862113524,0.2591394279623719,1
36,-0.5929160572535488,3.8358005010034226,0
37,0.8265797498361058,1.2680328632356521,1
38,2.399751203039081,2.467759243713778,0
39,3.0231751915555947,-0.35642917594349843,1
40,0.5443847376042779,1.351389460238876,1
41,0.9392426790776237,2.4423165144654653,1
42,0.9044265456300944,4.139636114533977,0
43,1.0672989564310535,0.14909706188641314,1
44,3.4540140193598856,0.6728141083464937,1
45,1.1667838933060783,0.4443456236379836,1
46,-0.6126940319926832,0.5168983313451456,1
47,2.11186964376329,2.555471211717322,0
48,1.8804718376665746,2.1711194858229605,1
49,1.4367747556223276,0.7145448530135831,1
50,-0.7350832269935483,3.3755018191531714,0
51,3.063281054608934,-0.1888929124677361,1
52,0.26918067464397155,1.472359552675376,1
53,2.3235071514207473,3.252078594952467,0
54,2.331745104053711,3.5600124522013865,0
55,1.511683942970898,2.85777668456883,0
56,2.2987532084607816,2.209634592202959,0
57,0.6688125948899503,3.9661504708483477,0
58,1.281208957008892,0.6507063272624579,1
59,0.5456663892388263,4.860203150782414,0
60,0.05542843969123834,3.012024171804477,0
61,0.3168607704963493,0.8909851358673511,1
62,1.5862977797597309,2.258757610112002,0
63,2.1859558672238655,0.33208938557271483,1
64,1.6325967567025652,3.144761743335553,0
65,0.9616146829934107,-0.5173014496690471,1
66,1.299661551133824,-1.1175517541431057,1
67,2.673391381886168,4.530307190229442,0
68,-0.4081579665599473,3.4906242387143354,0
69,-0.6696651397498472,3.2718764010866614,0
70,0.6894744040409109,3.8063409853951433,0
71,2.083350210289666,3.5264964672816275,0
72,1.8992738368233673,2.7465661157518104,0
73,1.3892744658736926,2.1497267190036924,0
74,0.290011506390381,2.574136098796048,0
75,0.13313190518634266,0.2953018209176573,1
76,0.7243554539821522,-0.05727576949530655,1
77,1.8196312853560712,4.402582901557367,0
78,0.47665659949903616,2.913722609501271,0
79,2.468232646235758,-2.0814195121041026,1
80,3.1073148357704863,3.7971075620945367,0
81,2.295396222781747,2.8760289892513917,0
82,1.759204796591736,0.3283003026843988,1
83,2.530063670895182,0.675998241040241,1
84,1.2722825953885468,3.1090717038032873,0
85,2.453924310413466,0.6107926648893451,1
86,0.4632057293540127,3.45907829194775,0
87,1.3773760505434374,1.439320754128776,1
88,1.08846722659907,2.958808081832645,0
89,2.4887201480939005,4.303455415758834,0
90,1.9052303201429874,4.491475842538147,0
91,0.2240147176331191,0.4378702963398863,1
92,1.9164964421019866,3.722372618929363,0
93,0.7141611655473228,4.687139808986959,0
94,1.4586100849828942,2.1023795757075874,1
95,1.1898256830392344,-0.31828449783260315,1
96,1.7062991807591024,0.2758877130012725,1
97,0.6930956147045707,3.529223348635365,0
98,1.0667925243221579,1.788579531116016,1
99,-0.28163492078425256,1.098324886159598,1
100,2.2715061469222144,3.4871146808398574,0
101,2.0821436177313486,3.859953917035973,0
102,0.7581981770649611,0.13897382770426842,1
103,0.5142882661733432,0.48230150855589143,1
104,1.5051166645385732,0.6192453917699179,1
105,1.6916552873645252,3.555599574599283,0
106,1.4980273426649586,0.1157974447972624,1
107,-1.161891048329685,-2.181068968094806,1
108,1.1691147094181287,1.947861823630445,0
109,-0.39584477059110035,3.1093112493420283,0
110,-0.5008455598889814,2.7632245157096813,0
111,-0.1154050608401418,3.4684826552545878,0
112,0.42550929551436567,-1.4273559616464115,1
113,0.5767480264236438,-0.12254671652076443,1
114,0.2317085567985746,0.569318558920979,1
115,1.4116203903577658,0.7423364072609826,1
116,1.8862191733659595,-0.48207546839309445,1
117,1.03225945397641,-0.7067691837953183,1
118,1.3687263446210458,0.9863765004026984,1
119,2.0600311972018837,0.45425234819145777,1
120,1.6549846160005182,1.6100416273280533,1
121,1.383211221097876,2.3132377180903614,0
122,1.1493650927877037,3.7455956088433178,0
123,2.9216184835727983,0.07523147737183733,1
124,0.5009169174317545,2.956287980182224,0
125,3.003443220027098,3.7656477367124404,0
126,0.410855681874161,2.147642005057808,1
127,-0.2688088915922504,4.566620100862422,0
128,2.0210185440336357,-2.184642126977179,1
129,2.359760364029678,-0.5099844539039189,1
130,2.806899974279408,3.6242501767206003,0
131,1.8399053159559793,-1.0477781968637094,1
132,1.3316306295982387,0.7637198448805129,1
133,0.10684256744048737,4.888989403655785,0
134,1.2995937978106522,4.504728677096706,0
135,2.9214572335843885,5.121890151534323,0
136,0.5021297714115672,4.064498993656271,0
137,0.1584706157221909,0.3712832435227479,1
138,0.8185834602532367,-0.16267629124805694,1
139,2.844284262465651,1.025330258242985,1
140,-0.5418240104444811,2.734163572773041,0
141,0.9973726710986437,4.625351863553627,0
142,1.3761377663196506,-0.11163930946966028,1
143,0.477167801370346,0.8758448591006617,1
144,0.8668942945383978,0.8472504943058561,1
145,2.9434999005277547,0.8928760615266719,1
146,0.41849408454981885,2.112985665982925,1
147,0.1888552510699404,1.1468214856181387,1
148,1.7073943587159779,1.7780385222792405,1
149,2.4316161636738167,0.05189605450664053,1
150,-0.8812085042240265,0.9045378483869515,1
151,0.04564411542832336,4.474689119766708,0
152,0.415072564785241,0.6297144058261162,1
153,0.1462484242277975,0.7422719291624704,1
154,-0.8119313519975018,-0.4876926497424482,1
155,2.341160891083061,0.815135093967549,1
156,1.4847490987928968,0.9999298698421141,1
157,1.3860607260295192,0.3273258288018306,1
158,1.9526640551520886,3.8181115234340317,0
159,1.5976464104357162,0.06903799400841759,1
160,0.3750725461706601,0.09515910328460286,1
161,2.3244911585755084,-0.21511775763799512,1
162,1.2140076233438426,-0.5037822922391931,1
163,1.6087260126579874,3.1242231804907146,0
164,-1.1320999149048951,4.391741427049992,0
165,-0.483367981261988,1.4685865418055717,1
166,-0.13299838414479526,1.099232582860581,1
167,1.8080483346768457,-0.7156534082506707,1
168,-0.6764436801920979,1.9704344548719028,0
169,-0.08586345342994806,3.842267240621198,0
170,1.2994885159679122,4.813535074731279,0
171,0.9773027316655925,4.314087158552739,0
172,0.5549256913223511,-1.060595029173512,1
173,2.335656358224806,1.6805834316848787,1
174,1.8843610135343152,-0.8619970421614545,1
175,1.411646883542193,0.7826222090480819,1
176,-0.8040848577625712,4.521175977955879,0
177,1.625686443815781,0.318664187339875,1
178,1.627818889345762,2.8614481342851477,0
179,1.09018784790622,-0.21785247189587031,1
180,1.6845872622964007,2.491247783378086,0
181,1.9601759943903936,-0.06544583678472027,1
182,0.9936982002008115,-0.6090008747721456,1
183,0.8227243981090451,0.9922647074060461,1
184,1.4230674803130232,1.4705120756201935,1
185,1.6444899037173313,4.497164182257314,0
186,1.4415320449054685,2.638305781798612,0
187,2.3855285734223926,4.016890641781122,0
188,0.7198742580411899,1.2814845119643126,1
189,1.3824929121166678,2.6790624176543973,0
190,1.9708707263333392,0.6757468906303415,1
191,2.2617752372702107,1.1519608631462246,1
192,2.35775977116712,0.9094482508997511,1
193,0.9253165700189421,-1.6281137649412554,1
194,1.35731058421877,2.976134682995826,0
195,1.4215002811425428,2.4319597202427348,0
196,1.4736664228056422,2.978080312912336,0
197,1.2694041071833408,0.3909075048819911,1
198,1.4637393007847563,3.8969823473650385,0
199,2.8461592429070457,-0.422356091332004,1
200,1.7877082921398748,0.09486095888764412,1
201,1.7690102808507269,3.1967573732859593,1
202,1.1313181626843911,2.7576928475745097,0
203,1.6667423954346199,3.8155367801171307,0
204,0.44764374362744896,2.3466810519672823,0
205,0.007261999807654629,2.3361775772770415,0
206,-0.3358324134280253,-0.5852509218880755,1
207,2.814711090118757,-0.5980890114229376,1
208,-0.3390635135165858,-2.183570061706204,1
209,0.7924234631126963,0.46501495170690793,1
210,4.083361021226379,0.35224981938751865,1
211,-0.6863979696160016,2.109894960850636,1
212,0.7333418005771118,-0.15073608712523445,1
213,3.844872748185807,0.5758265871988859,1
214,0.45025310618783654,1.9637834810292274,1
215,-0.9734621247878814,4.487365569733305,0
216,0.1938485549243496,2.1341814618694395,0
217,1.4187305869407807,2.4105096119248217,0
218,1.2884746354709553,2.898661333148994,0
219,2.917333038343526,2.1615647051012408,0
220,2.6014283572162524,0.032815934077822184,1
221,1.1878049764993213,1.3269174323338462,0
222,1.3865026013887412,1.5507002839219513,1
223,3.8072730210979264,3.051909156028199,0
224,1.5926088105051162,3.4031676294468376,0
225,0.8055809580986647,4.1650532792439545,0
226,1.2302158892631299,4.558095219659115,0
227,1.535933425172583,3.478091817311428,0
228,2.1421052874507294,1.1246109617790525,1
229,-0.02064005978417116,0.5638004413099671,1
230,1.2345903474092277,0.028211918275363512,1
231,0.8120792665408435,2.8800671527626465,0
232,1.6741304004056472,0.5006913788514407,1
233,1.0363996817248058,0.0964770908553233,1
234,1.9411773053428565,3.690302040225242,0
235,0.47943615092538994,1.201389086653736,1
236,-0.0253465361424714,1.818407297163503,1
237,1.9527507291600337,4.712949110549129,0
238,3.1392785559963046,3.334983534354583,0
239,1.259984643215049,2.3218509408554837,0
240,1.4376217458202558,3.1139969162204353,0
241,1.8387199741559068,1.3074719355412072,0
242,1.8707064298655847,0.5398632345368284,1
243,2.293396866423613,2.5418935095800723,1
244,1.455694522010764,3.6972922477679875,0
245,1.509399682595592,2.018458456974208,1
246,0.8325086112469338,3.1662556873131447,0
247,1.6589068199319112,-0.9426407518115227,1
248,0.9344967617628952,3.361609981203621,0
249,0.32316661466373897,2.3261177792187557,0
250,1.4336392707144954,2.1984801767660658,0
251,0.8733028545086825,-1.1957322426508092,1
252,1.6619249458597147,-0.09360714183113383,1
253,0.026639266843689446,3.68759241052884,0
254,0.9932532939592515,-0.5902088571678143,1
255,2.856757886942607,3.085189558664051,0
256,2.0866854105837755,5.107116648883378,0
257,1.362372668311544,2.7093323507804614,0
258,-1.3703018510363618,-0.81618430704714,1
259,1.0307318438043989,3.2073133503169533,0
260,3.010250461995489,-0.27593388432483723,1
261,0.7857602428518436,-0.6679252336354149,1
262,0.9241967125509944,-1.0987149018731133,1
263,1.6631518478296519,0.9830651558469423,0
264,0.9858143464713234,3.531021734613621,0
265,1.3983609613292027,1.5974420156678186,1
266,0.3357982929790426,3.969650859946136,0
267,2.6548661851903224,1.2425672225888011,1
268,2.142784663444323,1.4862312445986468,1
269,2.014125232491863,0.2342077634131399,1
270,1.064571833284057,4.609719677810481,0
271,1.8158504892733305,3.2913085302751557,0
272,0.4650892817277025,3.177983024529273,0
273,1.0112292916485537,4.50692499230899,0
274,2.1315546006316324,4.489066133738804,0
275,1.4284533566268176,2.499404382548198,0
276,-0.23295417577663158,1.1943421798345413,1
277,-1.123541460024727,3.133421492083209,0
278,0.6207477836698595,3.690320355065773,0
279,0.9257109560497503,2.523941988634526,0
280,0.34548008577930955,2.9786877002569323,0
281,3.7497943003579195,2.9766406964487198,0
282,1.7989513777972896,-1.791835089157024,1
283,0.39265731275883475,0.15907602380626923,1
284,0.5063119525684343,0.36237821794590347,1
285,-0.15770799861239726,2.1485962270781287,0
286,1.7104716609915875,2.0512817828594887,0
287,0.5433814119405764,2.5973989663160943,0
288,-0.12723081119852986,0.520662629312199,1
289,2.4701454514128622,1.3181452430039793,1
290,2.3833415504133293,2.5688259322033766,0
291,1.1642148377890882,3.7544021430320167,0
292,1.380165218811517,5.209375174541655,0
293,0.9190665810209353,2.968819219571437,0
294,0.5171294018181404,3.355234986831893,0
295,2.0709731570846865,4.375395586174241,0
296,0.6033400842024594,3.646892513298745,0
297,1.6021250922686383,4.161855330542021,0
298,0.8144676573641999,0.8037530750353121,1
299,0.43092575991069215,0.1846783917545925,1
300,2.292433787734974,-1.4830202815636215,1
301,-0.15059584046934704,2.5946010826142762,1
302,1.3986616687172353,4.888393234302745,0
303,1.2831880088000713,-0.9336000658947665,1
304,1.4744043541983243,4.616769039536386,0
305,0.755848072009719,0.9384050885312889,1
306,0.9563308708001694,2.629313115613442,0
307,0.13388346491419778,0.9899207700601448,1
308,2.5962870619479306,1.5482456288069681,1
309,-1.0779019186702863,0.6304023409973152,1
310,1.8699376857853698,2.086024076381076,0
311,1.4132179239970566,3.370068382029376,0
312,1.574950049161729,3.594343525015134,0
313,1.4118582558835946,3.8846268798432,0
314,1.51138835699125,1.8345476088839532,1
315,1.8703566230531994,1.7348369751388941,1
316,2.442645654236806,1.4214725865333466,0
317,1.3552379110747157,-1.115458622262446,1
318,0.9732865612305186,3.8323406888640776,0
319,0.6932975189661293,1.01453176705968,1
320,2.1882782256482005,-0.28047622463260136,1
321,1.3381267166040332,0.3339872063967991,1
322,0.27642459360656924,2.3787534684634366,0
323,3.0925660908039534,1.750912959860534,1
324,2.6614304065812036,0.39799368721783573,1
325,1.594910768281169,-0.9968795827941392,1
326,1.4325332458752809,0.9663985452147563,1
327,1.3605143135096165,3.4568621966656305,0
328,0.4398459548725626,-0.043600332457654156,1
329,1.1435300545825804,-0.8579728791181744,1
330,1.3228297441185743,2.1707270047562632,1
331,0.9130548518379599,1.6842522266004578,0
332,2.4334046779920384,3.690032109604787,0
333,0.9286833243292596,4.578765936480917,0
334,0.9069676093025667,3.6656359438771724,0
335,2.0977838589106192,-1.433459584659031,1
336,1.5186754350905796,-1.1165719358667403,1
337,1.0488034362179954,2.3592955909547024,0
338,0.8778289443718954,0.03707956165462306,1
339,1.3017591969998379,1.9998677635234232,0
340,1.7215891901380491,1.3635003057841906,1
341,2.0441718138355243,2.1996666154232543,0
342,0.4720288625835741,-0.8780292104790512,1
343,2.9838073702179035,3.569495666316176,0
344,1.391907405969243,0.8887939527802156,1
345,0.9068035284349207,0.05284211393107069,1
346,1.8700030717768192,3.615747316409086,0
347,0.48823578598513173,0.7121790667419112,1
348,1.1881131019244873,2.8695170401815626,0
349,3.931187467339478,-0.06865754608371932,1
350,2.229207124785036,0.0742474339726738,1
351,1.2283025561099084,-0.265415324090577,1
352,0.13551209672352216,3.290913457842903,0
353,-0.14011951786436216,-0.11051011672991295,1
354,1.4621142715399549,-0.8620374367228532,1
355,1.4852823322809179,2.7338130776456495,0
356,0.4921247580755451,4.664078223834436,0
357,0.6071674251596126,2.77836231609783,0
358,0.9646467609493842,0.2886676883707516,1
359,1.1267067691801003,3.9702188574072217,0
360,2.0942255143190405,3.3274839256859083,0
361,-0.8929168754926122,0.7338830494583332,1
362,2.636345153868018,0.44820765781137273,1
363,1.7231450066220175,3.7264883109392004,0
364,0.8375073011554983,2.190565545203779,0
365,2.8218554967503424,2.2728067602748645,1
366,0.10575131087253276,3.817467223121162,0
367,1.424419430045339,4.638695484905685,0
368,0.5701256955280235,1.2994828849560864,0
369,-0.5510101529575018,-0.1347429463224692,1
370,0.3430835233438341,1.6420385879904578,1
371,1.9321050935768074,4.304187029418984,0
372,1.22565209358157,4.061081695550922,0
373,1.7035005765902258,1.459910802492942,1
374,1.4487524573839212,1.3772612385812368,1
375,0.26759162871242403,1.8485193249509584,0
376,1.865916550993548,0.6008711215940377,1
377,0.7961836785611093,5.098109418949701,0
378,1.635407280612226,1.346402324902886,1
379,0.9629565464604009,0.26104864133381056,1
380,1.7273440511783653,1.4101658771488514,1
381,0.1393703078882358,3.0239165034690476,0
382,1.168071934296175,4.029459186390797,0
383,2.6536818170819654,1.8360579220108135,0
384,0.17569310380035463,0.19559364167497129,1
385,2.593958604779509,1.816788793523139,1
386,-1.191305748822964,0.3227158847846941,1
387,2.041578321550272,3.1906120361070256,0
388,1.7434707779659235,0.7913951053401451,1
389,0.053729778309274945,0.24397079303814706,1
390,2.1232198488126275,2.730628142662285,0
391,0.9551512114684066,3.845213320615316,0
392,2.2235156733000143,0.9573179290524914,1
393,0.8560897582108908,3.3388458016882177,0
394,1.0441491400657426,0.850630202356613,1
395,0.1257272966066456,-1.044745923415117,1
396,0.321698346976957,1.5816704814546412,0
397,0.6975936130748054,2.8659916269412804,0
398,0.43988626423067534,3.7001560870119823,0
399,1.3578655755643463,3.3606759538455777,0
400,0.5903000056561735,4.723988694359607,0
401,2.4584369263920074,-0.7011735249080038,1
402,1.6506776210789378,-0.24760319650374119,1
403,1.8120917083113912,0.07290500589690263,1
404,1.5746848143044645,-0.06979402313301164,1
405,2.148596132809097,-0.48293645438204114,1
406,1.3005504620005475,0.08211210345782932,1
407,0.38939772014016727,4.107430855092673,0
408,2.843888498039086,4.450291908839402,0
409,1.697092589311556,0.09162938961913492,1
410,1.5994184699449425,0.4010569577314517,1
411,1.6492676267584432,-0.27218415150681585,1
412,1.7100530411448704,3.4070532536479736,0
413,1.6334316781964007,-0.3371823997968083,1
414,0.7196675656674544,2.0748550213414765,1
415,1.3479648877362573,1.6356621937795126,1
416,0.04481103510050155,0.7138190068649889,1
417,2.6900985516771483,3.3125110703527203,0
418,0.7090039776946311,0.27140468198069057,1
419,-0.19653603543216835,3.5411902431514815,0
420,2.184697509942096,4.5764845733981865,0
421,2.7012817260018194,4.634558911959214,0
422,1.3288258517180174,3.6788034646532837,0
423,-0.013030678030599097,0.5236939284776184,1
424,1.1804740031717116,1.9726616203528562,1
425,2.4327669514534556,1.53469038758512,1
426,2.293709130470441,4.291612657980641,0
427,1.1435618825905496,3.01563360425066,0
428,1.971368073534841,6.4465222400016415,0
429,1.2256977035913823,0.5720118124223685,1
430,3.300134454693132,3.1174719378418225,0
431,1.6591701521529405,3.4534457187574725,0
432,2.356827386122122,0.2925641064978777,1
433,2.655066647582552,3.3085968066741063,0
434,0.16585885690905355,3.1844130160147603,0
435,0.5668637749393483,5.049211530587028,0
436,1.4296690345518492,3.562932969467788,0
437,1.6693244192258445,1.3324832534068236,0
438,-0.0686780910180842,1.1203646031504304,0
439,1.6927984078607237,0.24010931112749162,1
440,1.7378894941702783,2.5208329940101333,0
441,1.643804695259463,4.34183564028405,0
442,1.4146485751518598,-0.32730865984322055,1
443,0.6265252922183558,0.9552901126528479,1
444,1.3970092194352637,0.8850543845327512,1
445,0.6078674345997045,-0.09523340323555052,1
446,1.5457752395750832,3.0788001042492184,0
447,1.567508974381011,4.152212548764814,0
448,0.27393277522166004,-0.20115588098680326,1
449,1.3874151807586055,1.5695653131581646,1
450,2.7974674417888235,2.8894096655613204,1
451,2.407106227286316,0.451746651143989,1
452,0.9015942491358675,1.6822242305551411,0
453,2.46674935730036,0.4692484461397846,1
454,2.3999238118647437,0.7999205946404986,1
455,0.5653519090406733,1.5737351687501753,1
456,-0.3110403952084213,1.284860828740821,1
457,1.103277385387494,2.256868039524374,0
458,2.584691165054229,-0.04346771004619743,1
459,2.4804515305393124,2.673691935170975,0
460,1.2831283751242974,3.905044292133711,0
461,2.429928667744644,4.4152905121143835,0
462,1.4874311525859136,3.4713261585652933,0
463,0.565384457790261,1.07006354916484,1
464,0.3395465382254045,3.9686948578057963,0
465,2.217761329268587,2.197191068929971,1
466,1.6578682990619316,1.049234563524866,1
467,2.296083576579191,2.807916234525621,0
468,0.19998974536426206,3.425276028816583,0
469,1.1934614536947195,4.158297147105565,0
470,0.8469682622503802,0.0597971258900904,1
471,1.8744497522846304,3.013747716519031,0
472,0.6162877713601376,-3.01887233782176,1
473,0.934348709902176,1.2198069542375398,0
474,1.1155956281722224,0.5841578079961376,1
475,1.2205970330066258,0.1374955613402381,1
476,0.5183916363305681,1.1949064259062627,1
477,1.4482585417810785,0.13050707155099645,1
478,1.1344132967191425,4.168813854511781,0
479,0.9419300593436564,1.9880518808028356,1
480,1.7749579296701739,2.3973235987077897,1
481,0.5087606490185298,1.3007622482309475,1
482,2.6291992080830813,7.135900286233374,0
483,1.917185451908027,0.06343251944673145,1
484,1.4714456255364972,3.058756223780193,0
485,1.6929806121786302,2.7500991652750217,0
486,2.6074390512908874,0.4846566414953563,1
487,0.11201224423061085,3.9969311967084256,0
488,-0.5545249184005794,-0.7829970293099551,1
489,0.4635658933359089,0.24424892708636292,1
490,0.5456195398954116,2.3623889108185576,0
491,1.069067499531465,1.972149049874169,1
492,1.6870378360167704,1.4636752794537884,1
493,1.4177930439296837,3.9586980538133676,0
494,0.6072997471744976,0.17230179819682062,1
495,1.5887210834076992,2.563784150866563,0
496,1.1163360094433734,0.4693335732966247,1
497,1.5332778424875406,2.462913081542542,1
498,1.0476516582253508,0.307360751319285,1
499,3.2311613192933435,-0.29335854145247386,1
500,0.9792896643523071,5.20738154381487,0
501,1.7403195182540807,-0.49240104667295004,1
502,1.281689272928179,3.502154931168404,0
503,1.6436501695296075,0.5630303344740539,1
504,0.36243522383329085,3.6037854050002203,0
505,1.528045196791891,1.8810469929885647,1
506,1.8297108507909903,0.9160701762533656,1
507,1.7523723227059134,1.8254553677632817,1
508,0.27257549888654675,2.7287828944871535,0
509,1.5133079952356367,0.46871563905816865,1
510,3.5675830260801757,-0.02094447469369931,1
511,1.0107395290805594,3.915649869233819,0
512,1.6048526949997388,3.2528148298728428,0
513,0.7567988169978684,2.477924210633692,0
514,0.887936198694962,-0.1335438269784487,1
515,0.30201023276795125,-0.6103571867046389,1
516,2.730381848860116,2.6290296063871974,0
517,-0.5976592103119835,0.4872461665678353,1
518,0.7190739521042903,1.3110832795323062,1
519,1.2641831567402306,1.20422440504463,1
520,2.0438250015201698,2.460765981228552,1
521,2.7661121662641377,2.946202551014005,0
522,0.846455071824795,4.3235195281934855,0
523,0.7300649359444568,3.136659911611226,0
524,2.3628536777334084,0.532825195603162,1
525,2.3693050190269984,0.17046668004840615,1
526,1.4846421886113559,1.3545738285267563,1
527,0.5291468259284039,0.3447239984493128,1
528,-0.10466049525713927,-0.469309832880599,1
529,0.3227132430029147,1.032298188244419,1
530,0.13110310927990243,3.2946955637009574,0
531,2.6485771911033966,1.1518375685322648,1
532,3.4590348403874893,0.9535630852455099,1
533,1.1053828690023029,1.4203776239547288,0
534,1.1995742223822288,0.45097307822504373,1
535,1.623923694159212,0.26442430686096996,1
536,2.5483677666617863,4.327637550926326,0
537,1.9158946868526283,2.7530842346368103,0
538,1.4813076741597757,1.620827362296322,1
539,2.3382694341151455,1.3258176370400498,1
540,1.4786436411516113,3.7379974182476503,0
541,1.0426363005219796,0.6890922983612332,1
542,1.9338530631408182,-0.3463283484398819,1
543,2.245285944709856,2.5775835870507153,0
544,1.0976341302768797,0.26730504442807246,1
545,-0.38770631548049095,2.925220114279202,0
546,2.112149973473842,1.6929815342052266,1
547,1.5456462839004015,-0.6006569154061134,1
548,2.856626225110439,1.406168726339395,1
549,1.1535922066060542,2.8523514591006487,0
550,0.7901063933578981,1.1540976920185058,1
551,1.6037001732352196,4.1909777394215695,0
552,0.5368707067130537,0.6674037270714537,1
553,2.763370566409374,0.8883785194051299,0
554,2.0302160159348723,2.0654187503685693,0
555,0.5136286627894605,1.1405600253962693,1
556,1.2678932753055587,0.2730193211784441,1
557,1.6417405919253807,0.7255758496839706,1
558,2.0578998203692063,3.4358258328123488,0
559,-1.7898671744763424,4.236656658691674,0
560,0.3272175632152594,1.5106176143213295,1
561,1.845909087521028,3.4490901403873506,0
562,1.8251214931716908,3.0112699709244124,0
563,1.5440158855059065,0.46914619737094115,1
564,2.6574743857058696,2.250663948995535,0
565,1.776577671719246,-0.4230736320603542,1
566,2.382326476533457,5.390023459787095,0
567,2.604753962545205,1.6149247797292487,0
568,2.1762154673175713,-0.9191567119482948,1
569,-0.6047879096225641,0.02521562160527563,1
570,1.2441182459694315,2.6247755773611754,1
571,1.3504685026189631,3.299312386067285,0
572,2.7564804102915335,3.0703972553711734,0
573,1.5349913454219055,2.098130400903,0
574,1.2169716077170314,0.6161807094799534,1
575,2.158719094874784,3.529897501605802,0
576,2.607974131916312,3.263610140788437,1
577,1.1210090672041422,0.41354290562910395,1
578,1.4412789621588944,-0.11707741703095709,1
579,1.3102696251472503,2.911526820179802,0
580,0.658867027130344,4.395324557805925,0
581,1.9507289682703512,0.8951956781403447,1
582,0.8448630540848135,-1.6513094258207277,1
583,1.6257921672165718,2.0266412800962716,0
584,0.02244196375972818,-1.0517275326640856,1
585,3.4189926091051612,1.3103748679953227,1
586,0.9524725965504859,2.0072819004582603,0
587,0.9379073751513947,1.409448030586808,1
588,0.5861071378922256,3.474057156755113,0
589,1.9510567138418708,1.2913336046186745,1
590,2.4875671506698174,1.831500680572832,0
591,1.0160474197183302,4.671857806650964,0
592,1.4573111214864019,1.0610931306907112,0
593,4.586179497900416,0.15792661726410684,1
594,0.726731657297043,0.3395099796033287,1
595,2.951528225364828,1.8932434731725227,0
596,2.296936108747423,5.588903059965212,0
597,2.2358288384337937,2.7760797567474222,1
598,1.1099244835136581,3.0790118509615056,0
599,1.1815003805881474,2.677114368433084,0
600,1.6570713663881533,3.405366239150938,0
601,0.4341327802085372,1.5810606547271828,0
602,2.1483837868653275,0.03051720716088213,1
603,1.2887391977216964,2.4412668799127077,0
604,-0.9564905710149869,0.09563690311500911,1
605,2.1596073441877706,0.8334116554592714,1
606,0.1607046144406854,0.7675353253424892,1
607,0.7612975726838629,4.176988628230562,0
608,1.2661796449194656,6.071897389071819,0
609,1.2618870449349822,3.6131621709121493,0
610,1.642885086671838,4.434257605504364,0
611,0.20820359419382783,0.5195847055166428,1
612,1.2759995186920845,3.583524512357116,0
613,0.5484638546679361,2.3438236077338805,0
614,2.5630000892223226,3.6574597879279422,0
615,-0.10683384673672403,4.353295772434842,0
616,1.363189887018226,2.7338806492461694,0
617,1.3792544397466664,5.539278091435437,0
618,1.5439740460847717,2.684295083374744,0
619,-0.13093174720867817,3.9118669638070114,0
620,1.5302535444503438,2.4075919241235244,0
621,1.1625961346777702,0.18326110576446797,1
622,2.133920656005161,4.153972834910103,0
623,1.6222072689518694,4.025178693213435,0
624,0.6628080475025409,3.4994633751888795,0
625,1.385937405312266,1.2281250256805818,1
626,0.7208107248241501,0.6349849144960547,1
627,0.8447288359456679,3.745872010389603,0
628,0.20485832256572167,1.844821251983877,1
629,0.7044488749028855,5.575971466212364,0
630,1.1601522343380442,4.054379630357245,0
631,3.0435236334352647,0.921904304099485,1
632,-0.7028406677365333,2.38002026571227,0
633,-0.09050936012752486,3.6907991907598836,0
634,2.2727426329615454,2.214289847565613,0
635,2.978750667182791,1.3376210792538177,1
636,0.26148621454882837,3.732437402950175,0
637,3.7142152819951018,2.651080585595019,0
638,1.194077605731516,0.07992254175250946,1
639,0.9077140144567993,-0.43725231250894103,1
640,-0.5565480174356825,3.3196556060625726,0
641,1.308576948324197,0.36754691779933385,1
642,0.5964356191617667,0.758446650604023,1
643,1.1469195473519234,2.9936561189001405,0
644,1.540984352504265,-0.19215433542865035,1
645,-0.9583848449825183,0.614148371729044,1
646,0.5757915942550396,3.998606288918323,0
647,1.8036480877427161,0.3592700977426828,1
648,1.359560483783815,0.7759596422282771,1
649,1.4105953971550498,1.464545892467404,1
650,1.803639301849156,1.1631624222858725,1
651,0.7231489499175136,-0.050051485063739465,1
652,0.7743798679929315,0.7174185861615161,1
653,1.2455418063347885,3.3161238951308976,0
654,2.0301455727585767,1.67888699548565,1
655,1.8218825597439072,1.2166609212980326,1
656,2.3294379133296874,2.5384382916857176,1
657,0.9167074609644306,-0.5655811638777548,1
658,0.06487205339617863,-0.2485101752566029,1
659,0.8699319739257488,2.070456222626527,0
660,0.9484140704920327,2.7539008474351356,0
661,2.1937046445493107,4.697069411730917,0
662,0.6191233034149474,3.605673067041492,0
663,0.42936898025096404,3.6204278808977137,0
664,2.681119129535154,2.6841033982363816,0
665,2.2178202477383504,0.08239208491471905,1
666,1.0161999016229513,3.490189961754001,0
667,1.483306398848252,3.9322316033702442,0
668,1.776172817935594,3.328819010146822,0
669,1.5278168565509158,3.971163644340062,0
670,-0.9077168927245416,2.414009903030295,0
671,-0.02033063990919981,5.299942436335098,0
672,0.6785340183111722,3.3065510021824323,0
673,1.4000378978039152,2.04181883228095,1
674,2.1358124488216896,2.1401833657470837,1
675,1.7822525358232266,3.8562961027171956,0
676,-0.14187739910273622,-0.011827572531626529,1
677,1.66552285025044,0.8880324021982451,1
678,1.436936164465382,2.9208769818788367,0
679,1.436641528862883,4.305773662100023,0
680,0.7338090452651578,3.5720042003835375,0
681,1.3614449334537038,0.7245642002452441,1
682,2.6631941877504497,0.5705457418107392,1
683,1.3905024436620783,-1.197214663625689,1
684,0.8691267405978378,4.386529825425204,0
685,0.6830847517187489,3.0455633011654153,0
686,1.3786607359988363,3.4850014944877263,0
687,4.39269139476716,3.200465051329994,0
688,2.0248612301673217,2.81323888117424,0
689,3.212350416213307,3.8780422787635183,0
690,0.7450025758525984,3.652985066403085,0
691,1.6461029914583554,3.148342982302726,0
692,1.8753541776648024,2.8384924447594893,0
693,1.3585058871563807,4.086124442023001,0
694,2.750431105627989,0.09076418619829346,1
695,-0.3519248247517708,3.518760962457213,0
696,0.41029625814571014,-1.2346367761883454,1
697,0.5551549772347708,2.9908686687927735,0
698,1.607762499284037,5.626753559483692,0
699,-1.6104237565900514,0.843226068524909,1
700,2.7726055360737805,0.4843596213307315,1
701,1.1575312586293376,-0.269244089486809,1
702,1.211495191136935,3.6894743901631943,0
703,-0.23068519067689075,1.9530308316343372,1
704,1.964906599621452,1.339094273349851,1
705,1.276166017961617,-0.3901420160850255,1
706,2.86794702056695,-0.43062726291558284,1
707,0.47662729251691915,1.8845302167187383,0
708,1.3963439287605368,-0.06939653346087804,1
709,0.7047526887866916,0.2182462585407574,1
710,1.261881152337582,-1.320557411901353,1
711,0.6880676830775361,-0.17706460794123768,1
712,1.7886933890999996,0.8484966416143033,1
713,2.2687824672310515,0.3012547224953431,1
714,0.1299502105746697,1.0516373747299814,1
715,3.0883933827745187,1.261615744740641,1
716,1.3330261481168453,3.0915903442248798,0
717,2.617778718553697,-1.3382765736805633,1
718,0.5698946306879825,2.536490294160785,0
719,1.4362179648037967,2.1821876604960107,0
720,0.8469666302381644,4.0574129312793055,0
721,-0.9361169907565832,-0.01999313663303215,1
722,1.9654966429218317,3.027915365405243,0
723,0.772299091548751,0.6458889409389492,1
724,2.0803012637455582,1.088121567900737,1
725,2.2451443573564847,1.6618289131540114,0
726,1.4210028696827528,0.9363625868075873,1
727,1.4025293563730485,-0.21170845417355788,1
728,-0.2219576437112929,0.20214489670667596,1
729,0.35443094340529013,0.5351643733137932,1
730,0.11714703330105425,2.1435370529302675,0
731,1.1757069909018836,3.3988658782766117,0
732,0.8896851598722826,-1.1172362945973786,1
733,1.5924473418127105,3.334209633079872,0
734,1.3775636475440654,1.2703112742724536,1
735,-0.44186966445475195,-0.16264750091333335,1
736,0.6122113876533855,2.3828397719901226,1
737,0.7981945124263292,0.640611917189231,1
738,-0.042617638738213115,4.0630201686994045,0
739,1.6974760292625368,0.004554102620514977,1
740,-0.884219589890773,0.0328869822318929,1
741,1.8722050460067916,3.5586549530028995,0
742,1.8478668608929816,0.14548399708501025,1
743,0.13894602681705348,1.5101191643097824,1
744,-0.06749958890631746,1.2605557888841674,0
745,1.918322006870106,4.755015640251882,0
746,1.122308445498989,1.2925607106788661,1
747,1.8785234194820202,5.095285532528511,0
748,-0.21588521198779542,2.9699633605352673,0
749,1.8071189874032099,2.7927623844802048,1
750,3.946429824232246,5.68286634539006,0
751,2.287905819313987,1.8850157018253781,1
752,2.4412446682597913,3.067412075335014,0
753,0.3647300067606789,-0.44245488051827,1
754,-0.5646755280770797,2.105012060081661,0
755,2.7964817222562783,2.7870633736701915,0
756,-0.27147712601911067,3.752115341347164,0
757,-0.013961723871309006,0.9145884995746929,1
758,2.846238819087694,3.8691469620690393,0
759,1.423473969614707,0.19703741782604395,1
760,-0.4358689649308838,3.6015258701281834,0
761,2.472638980738931,0.5855324193684495,1
762,0.8177353428874683,4.333136328037687,0
763,-0.03821642127542435,1.8324771455741506,1
764,0.7842839964224814,3.02267016032944,0
765,0.31743118502102174,3.3878050813999265,0
766,3.2947564591075738,2.5622190904806743,0
767,1.7385233359501115,4.253008190424964,0
768,2.165614634430223,3.0055585956770976,0
769,0.9128375443846175,2.099958201073136,0
770,2.259006489402777,2.9652056633624504,0
771,1.9107314389377295,1.2825065661556942,1
772,1.945420408940825,3.271673146498151,0
773,0.40443257440801395,-0.23310490168780806,1
774,2.7033528959629347,0.08053461418420377,1
775,1.2442318168914706,3.5614790529119262,0
776,1.4533425406554201,4.584558350563216,0
777,0.8834877925674666,1.498677566236589,1
778,1.4153572291744863,3.250503849013978,0
779,1.8144375090667315,-0.037012323688033644,1
780,2.0911388824609505,2.6290241596590187,0
781,1.5340922187699124,0.11570666131823981,1
782,0.13499768708290394,1.388861505262503,1
783,1.235388535196432,0.6583732404223082,1
784,1.73040029244326,3.121081285494182,0
785,2.2294980605765646,4.4808038633052085,0
786,0.6096567031670329,0.7347483114772755,1
787,2.9224367928011734,3.2095884657842553,0
788,0.7600249581756909,3.1347231557869826,0
789,3.4007203698763937,2.35441598084332,1
790,2.0243917197619083,0.816328783421925,1
791,0.5829849050235221,2.9046042861622956,0
792,0.6907866188607132,2.795712499657509,0
793,2.3167898897378607,3.5697271970582047,0
794,0.5159524536356088,2.7160185686013723,1
795,0.5135572595935778,2.3576008409272324,0
796,-0.16107774355081128,5.233469198775859,0
797,1.989290010502832,-0.38982901065216846,1
798,1.5529977677939375,0.8228953593459498,1
799,0.08523902027687735,3.9493963606348337,0
800,1.984531834366512,-0.17301860162646943,1
801,1.9668287450519528,3.5465627131566007,0
802,1.7997984477947526,0.6879456488719651,1
803,2.6409853804033334,4.269406073743175,0
804,2.481556139553774,2.8451336950291077,0
805,2.807761183742218,0.8079422093413884,0
806,2.483022742499764,2.435979582574544,0
807,0.622655590506356,3.7739671248636912,0
808,2.914133818574086,3.432325726372248,0
809,2.9931104401171753,3.0939515307151813,0
810,0.9944143162545336,-0.4119248585584413,1
811,1.5343104201195776,-0.14906019295041362,1
812,-0.15929249913916732,3.1876748527954906,0
813,1.156320112685911,2.881508577737873,0
814,0.4963013286289929,4.705589473798446,0
815,2.1528192797572707,4.221336811797025,0
816,2.035473012663412,1.2739489696267403,1
817,0.9823838940924531,3.430342024064958,0
818,1.030282302036321,1.1889800389353946,1
819,0.011732458978948035,3.562947950041969,0
820,2.4947506884188355,0.1380380171006722,1
821,2.6507708469901976,0.9572986403935677,1
822,1.2340202937796376,0.7471050124910033,1
823,2.14810629840718,4.143842544346363,0
824,1.5463587494025823,-0.4351371497069577,1
825,2.132273215935503,0.6763568321058957,1
826,0.877601163519214,4.192090991742772,0
827,1.8948322601655467,3.8281493259391906,0
828,1.1117247631224445,-0.6126315667163904,1
829,-0.9434175086218302,2.0677541777418327,0
830,0.9001471958037786,0.41696322180462847,1
831,2.6169927278845617,2.2321723630075128,0
832,2.608944414281027,2.068884949462688,0
833,2.1464986524581917,4.235852005317152,0
834,2.0083544814401053,1.9454455197369733,0
835,0.26615851764547216,0.5498301810889465,1
836,-0.15088729667193101,-0.940158007342254,1
837,1.8377951686987344,0.5086228379295662,1
838,2.4045409099721753,0.6778489565645172,1
839,1.1417986102813324,1.943511682641606,0
840,1.5994098363480869,0.2525827252709669,1
841,0.7212859233426533,0.10781071762266986,1
842,-0.916675702596446,1.3008330400838717,1
843,0.8579834440704033,-0.5130555128086124,1
844,1.350442059800506,-0.7174647042332243,1
845,1.1521723560671138,3.1064130267243324,0
846,3.2400128688417094,3.174643688130908,0
847,0.08509532359208061,1.5962358335374587,1
848,0.28529465844368973,5.332128371151516,0
849,1.4830558006433479,0.17392432576942624,1
850,-1.0740939584095708,3.8884293214131875,0
851,2.875819286934812,2.1212951098401223,0
852,1.1298179091489922,-1.5083089254845623,1
853,0.5907099897492935,1.2469937088552068,1
854,0.594120149448245,0.29762960188172694,1
855,1.5997916452090257,2.5598514317273264,0
856,-0.03917120091567994,4.64069948918512,0
857,-0.01653534953677549,4.51337547777059,0
858,1.4264456625059303,3.8760490068784974,0
859,0.15294141940185968,2.384752730776796,0
860,1.319766280634236,0.12115987223063285,1
861,0.026188199469599382,3.4040418174669056,0
862,0.927768462671702,3.049961496593376,1
863,2.1386267337625338,0.8366822088261143,1
864,1.4518357773109591,2.975989040438491,0
865,2.631265390598146,2.3224631007687444,0
866,1.4421876400798266,0.4832327542570358,1
867,-0.08040491936431704,3.4638736029675004,0
868,1.8305249150309035,1.4071318103614585,1
869,2.286629454957363,5.0529813844971185,0
870,1.384011343688786,0.21299420027857346,1
871,3.14740039107586,-0.593546187639572,1
872,3.925267636850424,2.7003469896956656,0
873,1.6064393046660612,2.161290910870691,1
874,1.5564585322360704,3.8546083083309837,0
875,1.333696304763202,0.08482587606797992,1
876,1.2951568972925638,3.6081759756048237,0
877,0.911117439767649,0.2699419573442983,1
878,1.4162856637645687,-0.8562466860532161,1
879,0.8180377125364492,-1.0201351091653117,1
880,1.8900680862917216,2.7562675130254757,0
881,1.6119055418875219,0.8089019607766119,1
882,0.11633057635758703,0.7982949756983493,1
883,2.0285978720342754,2.2200796556120883,1
884,2.047765302429148,2.3088777479787055,0
885,0.7052045331408658,4.551822537317694,0
886,-0.5619531049120738,3.4197142710435946,0
887,1.2925561821282732,1.1267241864951423,1
888,2.5044378821945736,0.8105476914200906,1
889,1.1641755214282208,1.8202086431229967,0
890,0.1487767083566358,3.6317913936397246,0
891,2.482214913532693,0.38452322559301244,1
892,1.7994777003798292,1.473227585017336,1
893,-0.5326855487022419,0.9009347756242345,1
894,1.5411186432838948,-0.7158924661734625,1
895,1.455767899533111,0.635636722175098,1
896,0.8572463208542034,-0.11819063342908076,1
897,0.9505875137605342,0.30728487643674374,1
898,1.2434149423580274,4.789356265840508,0
899,0.970155812009585,1.785751155545574,1
900,3.3303022468536025,3.801178986947821,0
901,1.4013514843223625,4.468885138918758,0
902,-0.18262342786160768,-0.3390945814269234,1
903,1.5585770318163654,3.055250651603748,0
904,1.9424054268848252,1.8979309278171599,0
905,1.8578215425601803,3.3100955825735574,0
906,0.7277171722078826,2.854948078998712,0
907,2.4034435109712287,1.541069837293424,1
908,2.546408095084651,2.4675851539580695,0
909,0.5995405214182095,1.529240642773494,1
910,-0.2815971271205704,4.058793037482468,0
911,0.5115737477351917,4.6393780189091425,0
912,1.4715425890331837,2.4513578996056173,0
913,0.07070870479842095,-0.5139960747973609,1
914,1.491424407205924,-1.418427293749336,1
915,2.0146296042537,3.3635392902803116,0
916,2.9181048321305285,1.430257698847,1
917,2.624589471253448,2.5280213397647526,0
918,1.5669614458360968,0.9924216658399574,1
919,1.488396269129752,3.8362482902061066,0
920,0.5375629185898555,1.5846943564971736,1
921,1.864313477573237,2.7444342968683584,0
922,-0.483547048370659,4.203590810892889,0
923,-0.324140013075507,0.6696725709825366,1
924,1.7457401840722249,2.3322583932107395,0
925,0.4440149191400622,-1.9200346341887717,1
926,1.9703459206236351,2.3330637406058115,1
927,1.7362907283984286,-0.23639384941614328,1
928,1.7230983791543966,3.246357869828533,0
929,1.295116476430362,1.355362924593508,0
930,2.8259965862551137,2.4369603395641763,0
931,0.9281889861230995,4.302155188899156,0
932,1.1308342474698343,1.5528465298348058,0
933,0.6224829934620638,1.1323727476426395,1
934,2.877669729000184,3.629857475367066,0
935,0.8568921824035132,2.6523881605411397,1
936,1.624431617718351,-0.45189700787685827,1
937,-0.242288898312101,0.6035875166612582,1
938,2.745419583853134,1.2511775082854109,1
939,2.1476761598888183,1.3610881629014797,0
940,0.7324423904659583,-0.7868735016258868,1
941,-0.46812464948777976,0.44745429557898947,1
942,2.5331452593786548,2.392109044292515,0
943,3.975477635677369,-0.37774852268629056,1
944,2.094380351214373,6.145855851011687,0
945,1.6617261429667736,6.603990861173841,0
946,-0.2773902123148346,1.9552586688245182,1
947,2.023438180626844,3.5213457147932727,0
948,2.7116861569286015,4.5236048092945165,0
949,0.5896709746102423,3.7702410527774255,0
950,0.5767989581877356,3.7660700299502694,0
951,1.831038406433814,3.3452594795552484,0
952,1.451874261418849,1.7660561510019979,0
953,1.9139202750327398,4.207595348789641,0
954,1.6186351755862267,0.4508502979180783,1
955,1.7655360950525942,2.369299512302605,0
956,0.8312994657327715,1.4497217266841942,1
957,0.21208373183919593,2.7649948159486346,0
958,0.9807456346032102,1.5376405566689257,1
959,1.1108083453215236,-0.33677086154887304,1
960,0.310429377311523,3.236903679360082,0
961,-1.3918309015876802,2.8361734471190765,0
962,-0.06100393023221473,4.132381454490733,0
963,1.9510129345937146,3.5665490281802485,0
964,2.577575075402306,1.8077712759054054,0
965,3.332135712728839,3.7169062376035322,0
966,1.5353409813145649,0.9437674420845676,1
967,2.7782770705504998,4.599509586132747,0
968,2.6582516967099217,4.630030631927112,0
969,0.8243543228108876,3.757331150299802,0
970,1.0533610991333482,-0.6281744902730402,1
971,1.3118905925104456,-0.6018133428751689,1
972,-0.061403107885504626,0.5689232892422118,1
973,2.9976323425594433,3.551473614438533,0
974,0.34506108516872636,0.8738780562404258,1
975,3.373324153041116,2.667961816053096,0
976,1.2689487881724464,1.5496694896717014,0
977,1.3222827245965236,3.842843773041233,0
978,0.7630170453524251,3.733372241133086,0
979,2.1990419517050777,2.417559175866935,1
980,2.7582930917268436,2.312953387676264,1
981,0.8169133303165104,3.34244950318232,0
982,0.4944956942089932,1.3707544789349817,1
983,-1.226662746409409,3.4739930756210406,0
984,-0.19177256727944414,-0.8973644555695715,1
985,1.1441239721930891,1.0455518619324524,1
986,1.0755512245317256,3.4017906238287168,0
987,1.948998356848021,2.448354929371526,0
988,1.990350452116838,0.4635002986783445,0
989,1.9153336115951216,3.354592134437636,0
990,0.30876696562305983,5.560437201673768,0
991,0.8146133040838385,2.8718637215938245,0
992,2.677637065560176,4.167261168169404,0
993,0.5901191251635004,1.1450489113941476,1
994,0.9208073472013196,2.475480553320942,1
995,2.3095083020504426,-0.27003058602305186,1
996,0.8757683821870876,3.0331284658267363,0
997,1.1932449766836402,-0.09898337075096919,1
998,0.4449321868782228,1.710073045800229,1
999,-0.16490906078762602,1.9526956734150906,0
